[
  {
    "title": "Grafik Fungsi Sinus dan Cosinus untuk Sudut – Sudut Berelasi Antar Kuadran",
    "description": "Visualisasi grafik fungsi sinus dan cosinus digunakan untuk memahami hubungan sudut antar kuadran.\nDisertai gambar representatif untuk fungsi sin(x) dan cos(x).",
    "images": [
      "grafik_sin_cos_kuadran.png",
      "rumus_umum_sudut_berelasi.png"
    ]
  },
  {
    "title": "Rumus Perbandingan Trigonometri untuk Sudut 90° - α",
    "description": "Pembahasan sudut komplemen 90° - α.\nContoh: sin(90° - x) = cos(x).",
    "images": [
      "grafik_90_minus_alpha.png",
      "grafik_90_minus_alpha-2.png",
      "grafik_90_minus_alpha-3.png"
    ]
  },
  {
    "title": "Rumus Perbandingan Trigonometri untuk Sudut 90° + α",
    "description": "Pembahasan rumus trigonometri saat sudut lebih dari 90°.\nContoh: sin(90° + x) = cos(x).",
    "images": [

      "grafik_90_plus_alpha.png",
      "grafik_90_plus_alpha-2.png",
      "grafik_90_plus_alpha-3.png"
    ]
  },
  {
    "title": "Rumus Perbandingan Trigonometri untuk Sudut 180° - α",
    "description": "Pembahasan sudut pelurus 180° - α.\nContoh: sin(180° - x) = sin(x), cos(180° - x) = -cos(x).",
    "images": [
      "grafik_180_minus_alpha.png",
      "grafik_180_minus_alpha-2.png",
      "grafik_180_minus_alpha-3.png"
    ]
  },
  {
    "title": "Rumus Perbandingan Trigonometri untuk Sudut 180° + α",
    "description": "Pembahasan rumus trigonometri di kuadran III.\nContoh: sin(180° + x) = -sin(x), cos(180° + x) = -cos(x).",
    "images": [
      "grafik_180_plus_alpha.png",
      "grafik_180_plus_alpha-2.png",
      "grafik_180_plus_alpha-3.png"
    ]
  },
  {
    "title": "Rumus Perbandingan Trigonometri untuk Sudut 270° - α",
    "description": "Pembahasan rumus trigonometri pada sudut mendekati 270° dari kiri.\nContoh: sin(270° - x) = -cos(x).",
    "images": [
      "grafik_270_minus_alpha.png",
      "grafik_270_minus_alpha-2.png",
      "grafik_270_minus_alpha-3.png"
    ]
  },
  {
    "title": "Rumus Perbandingan Trigonometri untuk Sudut 270° + α",
    "description": "Pembahasan rumus trigonometri di kuadran IV.\nContoh: sin(270° + x) = -cos(x), cos(270° + x) = -sin(x).",
    "images": [
      "grafik_270_plus_alpha.png",
      "grafik_270_plus_alpha-2.png",
      "grafik_270_plus_alpha-3.png"
    ]
  },
  {
    "title": "Rumus Perbandingan Trigonometri untuk Sudut 360° - α",
    "description": "Rumus trigonometri untuk rotasi satu lingkaran penuh dikurangi sudut tertentu.\nContoh: sin(360° - x) = -sin(x), cos(360° - x) = cos(x).",
    "images": [
      "grafik_360_minus_alpha.png",
      "grafik_360_minus_alpha-2.png",
      "grafik_360_minus_alpha-3.png"
    ]
  },
  {
    "title": "Rumus Perbandingan Trigonometri untuk Sudut 360° + α",
    "description": "Rumus trigonometri setelah rotasi lebih dari 360°.\nNilai fungsi kembali ke kuadran awal karena sifat periodik.",
    "images": [
      "grafik_360_plus_alpha.png",
      "grafik_360_plus_alpha-2.png",
      "grafik_360_plus_alpha-3.png"
    ]
  },
  {
    "title": "Rumus Perbandingan Trigonometri Sudut Negatif",
    "description": "Pembahasan rumus trigonometri untuk sudut negatif.\nContoh: sin(-x) = -sin(x), cos(-x) = cos(x).",
    "images": [
      "grafik_sudut_negatif.png",
      "grafik_sudut_negatif-2.png",
      "grafik_sudut_negatif-3.png"
    ]
  }
]