[
  {
    "title": "Pengertian Trigonometri",
    "description": "Trigonometri adalah cabang matematika yang mempelajari hubungan antara sisi-sisi dan sudut-sudut dalam segitiga, khususnya segitiga siku-siku. Trigonometri juga digunakan untuk memodelkan fenomena periodik seperti gelombang dan osilasi. Definisi dasar dalam trigonometri meliputi fungsi-fungsi trigonometri, seperti sinus, kosinus, dan tangen, yang digunakan untuk menghitung nilai sudut dan panjang sisi dalam segitiga."
  },
  {
    "title": "Sudut dan Satuan Sudut",
    "description": "Sudut adalah bentuk pengukuran rotasi antara dua garis atau dua sisi. Ada beberapa satuan untuk mengukur sudut, di antaranya: Derajat (°), Radian (rad), dan Gradian (gon)."
  },
  {
    "title": "Fungsi Trigonometri Dasar",
    "description": "Fungsi trigonometri dasar adalah: Sinus (sin), Kosinus (cos), dan Tangen (tan). Fungsi-fungsi ini digunakan untuk menghitung nilai sudut atau sisi dalam segitiga siku-siku."
  },
  {
    "title": "Identitas Trigonometri",
    "description": "Identitas trigonometri adalah persamaan yang selalu benar untuk semua nilai sudut yang memenuhi kondisi tertentu. Beberapa identitas dasar antara lain: Identitas Pythagoras, Identitas tangen, dan Identitas sekans, kosekans, dan cotangen."
  },
  {
    "title": "Grafik Fungsi Trigonometri",
    "description": "Grafik dari fungsi trigonometri seperti sinus, kosinus, dan tangen memiliki pola periodik dan digunakan untuk menggambarkan gelombang atau osilasi."
  },
  {
    "title": "Persamaan Trigonometri",
    "description": "Persamaan trigonometri adalah persamaan yang melibatkan fungsi trigonometri, dan tujuannya adalah untuk mencari nilai sudut atau sisi tertentu dalam segitiga."
  },
  {
    "title": "Hukum Sinus dan Kosinus",
    "description": "Hukum Sinus dan Hukum Kosinus digunakan dalam segitiga sembarang untuk menghitung sisi atau sudut yang tidak diketahui."
  },
  {
    "title": "Aplikasi Trigonometri dalam Kehidupan Sehari-hari",
    "description": "Trigonometri digunakan dalam berbagai aplikasi praktis, seperti pengukuran jarak, navigasi, dan desain arsitektur."
  },
  {
    "title": "Trigonometri pada Segitiga Siku-Siku",
    "description": "Trigonometri pada segitiga siku-siku digunakan untuk menghitung sisi dan sudut yang tidak diketahui dengan menggunakan fungsi trigonometri dasar."
  },
  {
    "title": "Trigonometri pada Segitiga Sembarang",
    "description": "Pada segitiga sembarang, kita menggunakan Hukum Sinus dan Hukum Kosinus untuk menghitung sisi atau sudut yang tidak diketahui."
  },
  {
    "title": "Transformasi Trigonometri",
    "description": "Transformasi trigonometri adalah perubahan dari satu bentuk trigonometri ke bentuk lain menggunakan identitas trigonometri."
  },
  {
    "title": "Deret Trigonometri",
    "description": "Deret trigonometri adalah serangkaian ekspansi fungsi trigonometri dalam bentuk deret tak hingga, seperti deret Maclaurin atau deret Taylor."
  },
  {
    "title": "Fungsi Invers Trigonometri",
    "description": "Fungsi invers trigonometri digunakan untuk mencari sudut yang bersesuaian dengan nilai fungsi trigonometri tertentu. Fungsi invers yang umum digunakan adalah Arcsin, Arccos, dan Arctan."
  },
  {
    "title": "Koordinat Polar dan Kompleks",
    "description": "Koordinat polar menggunakan radius dan sudut untuk menggambarkan posisi titik dalam bidang datar dan digunakan dalam analisis bentuk-bentuk lingkaran dan spiral."
  },
  {
    "title": "Aplikasi Trigonometri dalam Fisika",
    "description": "Trigonometri digunakan dalam fisika untuk menggambarkan gerakan periodik seperti gelombang, serta dalam analisis medan listrik dan magnet."
  }
]
