[
  {
    "title": "Pengertian Trigonometri",
    "description": "Dasar-dasar trigonometri dan definisinya"
  },
  {
    "title": "Sudut dan Satuan Sudut",
    "description": "Penjelasan tentang sudut dan satuan yang digunakan"
  },
  {
    "title": "Fungsi Trigonometri Dasar",
    "description": "Fungsi sinus, kosinus, dan tangen"
  },
  {
    "title": "Identitas Trigonometri",
    "description": "Identitas dasar dalam trigonometri"
  },
  {
    "title": "Grafik Fungsi Trigonometri",
    "description": "Cara menggambar grafik fungsi trigonometri"
  },
  {
    "title": "Persamaan Trigonometri",
    "description": "Persamaan yang melibatkan fungsi trigonometri"
  },
  {
    "title": "Hukum Sinus dan Kosinus",
    "description": "Hukum sinus dan kosinus dalam segitiga"
  },
  {
    "title": "Aplikasi Trigonometri dalam Kehidupan Sehari-hari",
    "description": "Penggunaan trigonometri dalam kehidupan sehari-hari"
  },
  {
    "title": "Trigonometri pada Segitiga Siku-Siku",
    "description": "Penerapan trigonometri pada segitiga siku-siku"
  },
  {
    "title": "Trigonometri pada Segitiga Sembarang",
    "description": "Penerapan trigonometri pada segitiga sembarang"
  },
  {
    "title": "Transformasi Trigonometri",
    "description": "Transformasi dalam trigonometri"
  },
  {
    "title": "Deret Trigonometri",
    "description": "Deret yang melibatkan fungsi trigonometri"
  },
  {
    "title": "Fungsi Invers Trigonometri",
    "description": "Fungsi invers dari fungsi trigonometri"
  },
  {
    "title": "Koordinat Polar dan Kompleks",
    "description": "Penggunaan trigonometri dalam koordinat polar dan kompleks"
  },
  {
    "title": "Aplikasi Trigonometri dalam Fisika",
    "description": "Penerapan trigonometri dalam fisika"
  }
]
